channelID,channelName,ownerID,subscriptionCount,creationDateTime
1,gtweedell0,281,385473,2022-12-03 22:02:46
2,atoogood1,54,709487,2022-12-24 09:17:36
3,jrowlatt2,628,584384,2023-01-29 13:31:18
4,lskryne3,948,619286,2022-12-20 02:36:08
5,crean4,678,422076,2023-01-14 20:02:26
6,mantonomoli5,82,787056,2023-01-06 13:54:03
7,nlammerding6,990,557746,2023-01-05 15:02:43
8,smoline7,764,316953,2022-12-31 02:24:42
9,spinchback8,579,121488,2022-12-22 01:38:25
10,efanner9,356,382924,2022-12-01 13:47:55
11,nbrunninga,102,123687,2023-01-28 02:45:27
12,wdonnettb,836,269619,2022-12-19 19:13:59
13,kturnockc,800,7536,2022-12-20 13:11:05
14,cscreechd,433,921988,2022-12-10 05:30:50
15,cstitte,881,359046,2023-01-06 14:35:02
16,kstarkeyf,167,782888,2023-01-02 14:17:58
17,adedomenicig,877,346616,2022-12-24 23:19:30
18,plovewellh,565,494099,2023-01-18 10:33:41
19,ecostelowi,373,974557,2022-12-22 13:10:23
20,egillibrandj,696,730329,2022-12-25 23:45:57
21,bbesseyk,437,975949,2023-01-22 20:41:10
22,kfeatherstonhalghl,822,361811,2023-01-09 06:57:58
23,gbeenhamm,375,745463,2022-12-24 20:13:00
24,dcranidgen,538,257044,2023-01-14 13:26:28
25,acowo,68,197463,2023-01-19 04:17:43
26,cbrabbsp,639,38842,2023-01-13 10:07:34
27,fbowdidgeq,567,606004,2023-01-11 00:59:49
28,swiggallr,112,372753,2022-12-14 01:45:45
29,jmannocks,324,228110,2023-01-05 13:23:05
30,znocklest,898,319320,2022-12-30 10:06:01
31,lwoolhouseu,460,582131,2022-12-28 23:28:53
32,csymonsv,233,503287,2022-12-18 21:24:43
33,mcudiffw,737,916256,2022-12-03 12:03:28
34,swilcex,354,431593,2022-12-08 13:15:16
35,dindy,512,546184,2022-12-18 16:22:15
36,gsturzakerz,823,17415,2023-01-07 07:56:39
37,coshea10,779,309123,2023-01-19 17:26:05
38,kboswell11,35,321725,2023-01-22 13:10:12
39,rpalley12,588,205511,2023-01-04 10:39:01
40,cblewis13,997,268346,2023-01-29 05:13:05
41,nkeirl14,384,159868,2022-12-22 07:16:15
42,crubinowitsch15,235,344839,2023-01-04 04:26:04
43,ctropman16,283,951339,2023-01-06 09:41:18
44,dwixon17,590,885975,2022-12-03 04:46:50
45,cgrinston18,710,39675,2022-12-05 18:35:38
46,hcoffelt19,581,395292,2023-01-15 08:33:49
47,gallsup1a,529,131429,2022-12-10 08:41:14
48,rmccree1b,32,939418,2023-01-06 05:08:17
49,treadwin1c,885,82154,2023-01-22 21:14:37
50,hrabley1d,515,146837,2022-12-09 19:12:21
51,mcarlos1e,929,12700,2022-12-11 10:59:06
52,pwannan1f,953,496404,2023-01-21 06:12:02
53,sfrood1g,432,658816,2023-01-12 17:52:15
54,mhatrick1h,609,886874,2023-01-23 16:43:40
55,dskinn1i,792,869232,2022-12-08 00:36:03
56,ksaltsberger1j,478,919041,2023-01-20 01:24:16
57,santoszewski1k,330,274441,2022-12-31 18:47:35
58,elayland1l,41,193642,2023-01-13 20:48:37
59,ggreet1m,251,143851,2022-12-27 14:13:20
60,kcaughey1n,739,908778,2022-12-06 01:38:14
61,sordidge1o,859,618230,2022-12-11 04:48:30
62,lstarmore1p,975,962564,2022-12-21 19:04:36
63,mdickey1q,410,285102,2022-12-21 10:00:06
64,rhubner1r,663,23040,2023-01-04 03:35:27
65,msquelch1s,122,751486,2023-01-22 15:35:59
66,vrebbeck1t,349,815197,2023-01-22 02:24:47
67,dluckey1u,389,586437,2022-12-31 09:37:47
68,srubes1v,572,402705,2022-12-30 12:30:32
69,cbragg1w,613,515374,2022-12-10 20:26:32
70,hodriscoll1x,154,246286,2022-12-26 13:00:51
71,bitzak1y,358,122835,2022-12-10 17:38:35
72,bruske1z,940,28357,2023-01-25 10:38:41
73,escutchings20,636,831495,2023-01-10 09:15:55
74,oseear21,1,419117,2022-12-31 00:44:20
75,gcaldeyroux22,312,834938,2022-12-07 22:15:45
76,fgooddy23,681,693797,2023-01-13 03:38:45
77,bnisby24,598,252750,2022-12-25 05:54:24
78,bboeter25,604,894137,2023-01-14 20:39:50
79,hwormell26,143,270790,2022-12-05 00:55:25
80,seskrigg27,948,844575,2023-01-22 02:08:20
81,lscutt28,381,275899,2023-01-02 02:20:17
82,mmcnickle29,691,136224,2022-12-02 16:56:02
83,cjohansson2a,462,623162,2022-12-10 02:21:55
84,kespino2b,221,896667,2022-12-07 03:14:21
85,alimrick2c,376,442209,2022-12-23 05:38:49
86,lmussettini2d,666,606883,2022-12-24 00:15:52
87,wpasby2e,912,983572,2023-01-06 09:26:22
88,ecluer2f,939,678896,2023-01-11 07:56:54
89,mjanney2g,876,415192,2022-12-09 11:58:55
90,rmixture2h,722,570593,2023-01-18 03:52:31
91,lgroneway2i,298,529124,2023-01-27 19:03:28
92,lglascott2j,819,839726,2022-12-01 04:27:34
93,belsie2k,655,102340,2023-01-14 22:52:22
94,jgamell2l,632,783657,2023-01-13 00:20:54
95,bhuxtable2m,9,76051,2022-12-30 14:37:14
96,awindley2n,374,747381,2022-12-16 00:04:12
97,giggulden2o,499,180233,2023-01-28 16:14:50
98,swilcher2p,520,937249,2023-01-12 13:47:52
99,jcluitt2q,448,544856,2022-12-30 23:48:49
100,fannesley2r,345,663486,2022-12-25 11:20:54
101,ggotmann2s,471,845441,2023-01-05 09:49:22
102,laitkin2t,841,575353,2022-12-17 22:16:16
103,kofallone2u,623,113604,2022-12-07 09:34:53
104,gcrush2v,282,456178,2023-01-21 13:02:23
105,dclapston2w,869,825795,2023-01-25 15:14:41
106,rbrenstuhl2x,745,426112,2023-01-02 01:52:08
107,ioneligan2y,207,375255,2022-12-02 01:07:39
108,wreasun2z,438,250616,2023-01-28 01:47:34
109,bgallagher30,491,877150,2023-01-18 05:44:04
110,alatham31,755,541141,2023-01-20 18:23:47
111,rrosenqvist32,676,451879,2023-01-25 08:10:10
112,ggillions33,965,58538,2023-01-23 15:09:10
113,bondrak34,842,135912,2023-01-29 14:00:32
114,mvobes35,25,677638,2022-12-15 06:33:55
115,lguidera36,345,611363,2022-12-05 16:07:12
116,bcrangle37,6,312858,2022-12-01 09:58:22
117,mfaers38,858,755497,2023-01-17 15:27:18
118,icodman39,105,826602,2022-12-11 08:20:14
119,bblackster3a,294,671704,2022-12-04 08:07:42
120,abarbour3b,484,849353,2022-12-15 05:54:51
121,fhazelgrove3c,112,462721,2023-01-21 19:08:45
122,mleppard3d,414,453496,2022-12-17 19:59:55
123,rcummine3e,614,150799,2022-12-15 16:53:58
124,asaundercock3f,211,933066,2023-01-06 21:43:27
125,hofford3g,266,763870,2022-12-23 06:05:09
126,gbrownlow3h,220,281484,2022-12-05 13:24:08
127,ncurnock3i,192,481707,2022-12-07 07:41:39
128,ebarcke3j,908,300244,2022-12-08 19:52:43
129,garrington3k,307,694363,2023-01-24 17:29:24
130,tfontaine3l,348,535468,2022-12-28 07:11:16
131,phatherley3m,268,883874,2023-01-01 22:23:49
132,anewens3n,305,15765,2022-12-31 20:33:00
133,gmalin3o,71,381500,2022-12-21 04:44:31
134,cpinckney3p,120,361501,2022-12-02 12:19:54
135,atreffrey3q,215,729040,2023-01-28 21:14:43
136,adallaway3r,884,371505,2022-12-23 03:38:45
137,darmstead3s,736,157955,2022-12-03 17:43:38
138,slinning3t,738,155590,2022-12-30 07:15:29
139,ecromleholme3u,774,977534,2023-01-28 11:29:06
140,bwysome3v,528,870694,2022-12-29 02:55:51
141,pobrogane3w,368,988737,2022-12-12 13:31:43
142,sbernetti3x,753,722344,2023-01-03 13:05:48
143,bduns3y,795,169730,2023-01-22 02:14:27
144,hcuree3z,355,977569,2023-01-15 08:13:27
145,kbelcham40,562,898635,2023-01-19 14:31:56
146,iblaycock41,151,113379,2023-01-26 20:38:24
147,tmcgorley42,89,782311,2022-12-24 10:46:39
148,rjeremiah43,973,506137,2022-12-09 22:51:53
149,akilford44,711,140742,2023-01-04 06:42:04
150,graycroft45,665,313517,2022-12-12 06:59:17
151,gdemaine46,552,798075,2023-01-10 11:48:16
152,pshapcote47,435,781924,2022-12-19 00:08:04
153,ggoney48,806,875661,2022-12-02 06:45:07
154,nkeatley49,645,425701,2023-01-05 14:12:00
155,slyburn4a,968,821446,2022-12-30 14:13:27
156,ehibbart4b,919,656356,2022-12-20 05:52:32
157,bmoorey4c,121,826837,2022-12-29 16:32:52
158,earunowicz4d,20,971229,2022-12-23 13:02:43
159,lblondell4e,687,464399,2023-01-17 05:22:51
160,gharverson4f,160,198728,2022-12-16 02:28:29
161,dtweddell4g,459,457798,2023-01-08 15:23:13
162,bstockin4h,396,544904,2023-01-05 22:18:38
163,fhallihan4i,831,450174,2023-01-01 03:37:34
164,gburrells4j,259,179654,2022-12-15 01:48:53
165,nakister4k,624,976048,2023-01-19 19:00:46
166,nsullens4l,413,456401,2023-01-27 17:58:28
167,mwilkisson4m,559,128999,2023-01-08 18:04:33
168,hharryman4n,840,143296,2022-12-08 09:53:15
169,sblackmoor4o,973,52668,2022-12-17 23:02:42
170,gcoughlin4p,593,182621,2022-12-21 12:10:56
171,vsearl4q,402,451289,2023-01-27 03:55:19
172,srichings4r,415,15416,2023-01-11 05:39:54
173,mlintill4s,345,709257,2023-01-13 23:52:29
174,amorgan4t,757,772853,2022-12-31 18:42:14
175,rwankling4u,463,932753,2023-01-15 05:03:24
176,egulley4v,231,895742,2023-01-20 21:40:00
177,rwinton4w,65,490160,2022-12-15 03:25:08
178,mclamo4x,235,246758,2023-01-15 22:22:59
179,ktiller4y,974,797843,2023-01-14 13:19:12
180,cchidley4z,934,35936,2022-12-22 07:04:32
181,jburgane50,431,885152,2023-01-26 09:15:11
182,hcopnell51,652,148351,2023-01-29 02:18:19
183,tcardall52,91,472198,2022-12-19 19:55:56
184,araisher53,639,505050,2022-12-22 04:10:51
185,bdefew54,43,591010,2023-01-10 16:00:26
186,ckiddie55,237,739040,2023-01-01 11:28:20
187,cquarry56,668,632596,2022-12-31 06:44:53
188,wterron57,173,166601,2023-01-03 12:19:06
189,sextence58,783,663935,2023-01-25 11:42:29
190,bgoggen59,5,251034,2022-12-14 21:15:55
191,frosenblatt5a,423,606079,2022-12-17 21:53:47
192,tblackborough5b,740,715067,2022-12-25 04:29:01
193,edunham5c,565,959974,2023-01-04 10:18:24
194,dtorald5d,436,642694,2022-12-22 20:26:45
195,mcluckie5e,907,984187,2022-12-20 21:52:39
196,espurge5f,268,189799,2022-12-20 16:39:31
197,rgerler5g,180,310684,2023-01-24 07:15:52
198,ecockson5h,444,341955,2022-12-27 10:20:07
199,rgrinley5i,733,665982,2023-01-12 07:55:04
200,pmainland5j,205,667871,2023-01-02 14:40:45
201,nortiger5k,120,94244,2023-01-09 23:54:33
202,lleidl5l,422,519838,2023-01-25 14:23:09
203,amorde5m,85,652277,2023-01-15 08:10:18
204,dgoodings5n,143,726747,2022-12-06 16:22:07
205,lbyatt5o,862,328002,2023-01-02 20:07:41
206,lcrole5p,22,344132,2023-01-15 20:08:11
207,ihaulkham5q,99,592495,2023-01-03 06:46:59
208,wclunan5r,610,619462,2022-12-11 12:54:27
209,sdonaghy5s,705,423086,2023-01-11 23:49:13
210,tdiess5t,142,239815,2023-01-03 07:24:28
211,vpermain5u,530,585957,2023-01-26 16:05:59
212,csaenz5v,284,370942,2022-12-14 06:45:24
213,wduligall5w,308,775487,2022-12-23 15:16:00
214,rstringman5x,897,696834,2023-01-14 18:32:59
215,ruglow5y,68,251640,2023-01-30 09:27:14
216,gmeco5z,351,393776,2022-12-23 15:45:20
217,grosso60,576,827449,2022-12-09 06:10:17
218,jillesley61,652,893721,2023-01-10 18:00:27
219,phuddle62,252,890668,2023-01-21 08:29:15
220,wcordier63,277,715192,2022-12-10 13:11:43
221,agallimore64,690,857178,2022-12-14 06:02:40
222,banster65,996,939346,2022-12-10 00:10:51
223,epapaccio66,207,539655,2022-12-16 02:19:12
224,creisin67,44,761239,2022-12-09 00:59:54
225,fclementet68,714,488198,2023-01-23 20:15:25
226,ceriksson69,479,209373,2023-01-24 22:40:09
227,wmitchley6a,119,688536,2022-12-11 14:50:52
228,jmcadam6b,750,58989,2022-12-25 03:05:03
229,esprowles6c,470,214030,2023-01-12 22:03:33
230,mconway6d,848,891007,2023-01-11 22:20:37
231,sragge6e,244,824701,2022-12-23 11:27:04
232,bmatyja6f,438,509044,2023-01-05 11:13:03
233,kdonalson6g,796,554324,2022-12-08 02:46:49
234,larchell6h,238,742719,2023-01-13 09:55:07
235,pmogie6i,647,651809,2022-12-14 19:27:27
236,amorales6j,422,990005,2023-01-29 08:29:45
237,azaple6k,298,270158,2023-01-31 08:12:30
238,wpurbrick6l,759,746857,2023-01-01 23:25:18
239,fhawe6m,41,810623,2023-01-24 21:12:57
240,ejillins6n,997,746862,2022-12-03 07:52:01
241,culrik6o,434,88805,2022-12-18 09:15:38
242,hphillipps6p,58,655855,2023-01-17 18:37:12
243,jsanbrook6q,430,876601,2022-12-17 17:27:16
244,nkasper6r,998,631118,2022-12-01 18:48:08
245,abroke6s,896,404968,2023-01-05 08:36:24
246,lcolling6t,38,268504,2022-12-01 08:34:51
247,dbrower6u,99,369901,2022-12-08 01:31:12
248,whelis6v,500,217807,2023-01-07 19:35:53
249,afolca6w,518,879854,2023-01-06 08:48:04
250,kbencher6x,693,588902,2022-12-25 07:22:04
251,eeakins6y,378,7669,2023-01-20 12:10:33
252,dspinley6z,959,801132,2023-01-20 14:09:32
253,sheppner70,532,893173,2023-01-15 15:40:00
254,aproughten71,950,751212,2023-01-04 08:29:13
255,vhaking72,424,547722,2022-12-23 14:52:21
256,mgrabham73,216,842491,2023-01-15 15:44:44
257,odalessio74,347,382564,2023-01-28 04:33:02
258,glogg75,432,979886,2023-01-24 20:24:12
259,nshank76,101,249427,2022-12-13 20:53:21
260,hplunkett77,948,74462,2022-12-22 16:20:30
261,zgeely78,380,545712,2022-12-21 17:17:19
262,maird79,525,337176,2023-01-09 06:23:40
263,tbrassington7a,123,796024,2022-12-28 15:11:45
264,wlyston7b,576,363889,2023-01-15 03:36:50
265,omcilvenny7c,56,70171,2022-12-22 21:46:50
266,kgrishunin7d,617,91244,2022-12-07 05:54:13
267,jshee7e,964,177903,2022-12-27 14:23:01
268,cwhoolehan7f,763,735456,2023-01-04 01:21:05
269,lspaducci7g,23,264805,2023-01-25 04:29:58
270,edailly7h,646,477855,2022-12-20 05:13:28
271,nlang7i,128,235100,2023-01-11 15:50:55
272,dhoulson7j,402,465066,2023-01-06 12:17:46
273,igeke7k,156,541375,2023-01-18 04:33:46
274,sinett7l,324,63913,2023-01-23 07:06:48
275,srough7m,614,132098,2023-01-16 06:08:05
276,gvasyunichev7n,586,267962,2023-01-16 12:26:19
277,wdaniele7o,627,236593,2023-01-15 14:55:59
278,evasyuchov7p,2,388354,2022-12-29 20:03:40
279,tteresia7q,775,829524,2023-01-25 07:08:52
280,kleslie7r,179,582306,2022-12-07 11:05:30
281,dsarll7s,369,776508,2022-12-24 23:11:41
282,bnestle7t,92,450713,2023-01-22 13:25:39
283,avasquez7u,108,709421,2022-12-08 06:39:15
284,mcorwin7v,266,378791,2023-01-13 01:41:41
285,mredihalgh7w,559,330106,2023-01-18 19:28:17
286,mretallack7x,583,803316,2023-01-01 18:13:07
287,cullrich7y,777,261561,2022-12-26 08:48:57
288,dbearman7z,267,800360,2022-12-07 20:30:43
289,igooms80,577,860103,2023-01-14 14:43:07
290,otunder81,797,410138,2022-12-08 11:41:21
291,snitto82,285,435521,2023-01-01 19:14:13
292,nkeniwell83,982,678435,2022-12-15 11:10:05
293,pkettlewell84,332,376132,2023-01-19 18:08:37
294,tklinck85,175,432726,2023-01-05 00:05:13
295,sfould86,476,848815,2022-12-15 05:56:21
296,fommanney87,622,224426,2023-01-08 22:17:01
297,hsanzio88,453,802137,2023-01-23 01:37:30
298,daspinell89,807,642644,2022-12-04 06:05:29
299,ebrisley8a,649,312779,2023-01-24 20:39:30
300,glampitt8b,598,233922,2023-01-17 13:52:27
301,igillbard8c,68,960802,2022-12-25 10:17:21
302,jtrencher8d,430,608316,2022-12-04 07:34:14
303,mlomasna8e,845,753290,2023-01-18 06:32:19
304,rdorrins8f,783,698408,2023-01-24 00:31:26
305,dbetteney8g,526,588206,2023-01-04 03:17:48
306,wtowsie8h,31,366360,2022-12-25 11:56:52
307,febsworth8i,389,730125,2023-01-14 11:22:08
308,lhembling8j,140,352029,2023-01-05 16:24:39
309,smantz8k,101,988753,2023-01-14 17:28:14
310,lbedingfield8l,235,153964,2023-01-27 17:49:17
311,flarderot8m,863,280034,2023-01-26 10:37:15
312,baudenis8n,223,141273,2022-12-02 14:27:17
313,rsherborn8o,333,619948,2023-01-25 06:18:04
314,ncrispe8p,70,275477,2023-01-07 16:33:05
315,ggirogetti8q,603,274875,2023-01-18 10:10:22
316,ffairhurst8r,858,135045,2022-12-18 11:57:05
317,hmcilharga8s,348,732366,2023-01-13 09:14:34
318,kraye8t,523,912907,2023-01-19 01:44:46
319,iatcheson8u,182,633545,2023-01-02 16:31:34
320,tlevins8v,969,721466,2023-01-15 04:29:12
321,abetham8w,224,251241,2023-01-23 19:40:04
322,abohl8x,401,72506,2022-12-22 00:53:00
323,ksakins8y,555,140631,2023-01-05 18:34:27
324,bmaine8z,733,730870,2023-01-26 03:53:07
325,vcornu90,14,766789,2022-12-19 01:25:28
326,qcasarini91,157,266264,2023-01-29 18:54:17
327,rmurrock92,132,722708,2023-01-23 03:18:50
328,tpaoletti93,124,34235,2023-01-27 16:10:32
329,lworlidge94,103,230077,2022-12-04 00:04:47
330,ebolam95,5,657159,2023-01-01 05:33:39
331,shelder96,220,70582,2023-01-05 07:14:36
332,bwalker97,46,926538,2022-12-03 13:00:32
333,cwhapples98,566,725682,2023-01-30 03:12:30
334,fmelladew99,468,146987,2022-12-24 13:15:16
335,dwhitton9a,479,400657,2023-01-25 18:32:56
336,fspruce9b,839,986583,2022-12-07 15:28:15
337,slamminam9c,770,162010,2022-12-04 01:27:14
338,ebeasley9d,802,523286,2022-12-26 07:59:00
339,sslowly9e,33,2882,2023-01-06 00:15:17
340,upischoff9f,231,494933,2022-12-14 10:43:34
341,schaddock9g,194,712901,2023-01-19 15:55:06
342,jcrawford9h,985,438278,2023-01-08 09:13:08
343,cpurkis9i,382,68427,2023-01-28 19:29:00
344,lhightown9j,755,22999,2023-01-13 04:10:33
345,jcreech9k,125,977667,2023-01-26 15:50:18
346,hcooke9l,925,983804,2023-01-12 19:35:43
347,akeggin9m,575,920939,2023-01-15 20:34:05
348,dcressey9n,524,843830,2022-12-11 15:48:04
349,hkintish9o,151,548834,2022-12-16 07:46:37
350,irymour9p,933,105588,2023-01-08 08:17:43
351,aaspenlon9q,180,644683,2022-12-03 11:47:11
352,jbuckland9r,461,539352,2022-12-22 07:56:48
353,psellman9s,5,465875,2022-12-23 05:32:22
354,hlummus9t,216,394052,2023-01-16 13:11:40
355,lgorringe9u,576,791785,2022-12-25 08:40:51
356,rdady9v,607,963214,2022-12-24 15:28:25
357,lcoggon9w,109,269588,2023-01-06 16:15:01
358,dgronou9x,516,17260,2022-12-07 08:23:58
359,pmacvean9y,13,363700,2022-12-16 17:11:22
360,mmacnamee9z,247,605136,2022-12-24 12:00:24
361,ujutsona0,820,481005,2022-12-04 04:23:34
362,bmurkusa1,887,80592,2022-12-22 07:04:35
363,ebollivera2,806,821054,2023-01-12 07:40:55
364,dtuppera3,895,865288,2022-12-26 07:54:35
365,gbonefanta4,835,645258,2023-01-02 18:36:09
366,lferrierioa5,433,717571,2023-01-17 11:19:37
367,uhadleigha6,12,372883,2022-12-28 12:20:30
368,ahunnablea7,765,843485,2023-01-13 06:23:33
369,mpedrocchia8,122,982666,2022-12-08 18:18:51
370,acharloa9,125,247072,2022-12-22 10:40:27
371,mharbertaa,889,786116,2022-12-13 19:27:50
372,cminallab,982,985263,2022-12-20 21:18:42
373,nkuschkeac,360,283054,2023-01-27 17:10:11
374,fmazzilliad,675,960804,2023-01-14 17:37:07
375,wandrelliae,244,865720,2022-12-10 22:13:42
376,asolaaf,410,997648,2023-01-27 10:55:38
377,evannacciag,449,657733,2022-12-07 03:56:02
378,rknobleah,503,917110,2023-01-11 18:29:15
379,tledrunai,306,612602,2022-12-30 07:32:44
380,jschermeaj,399,557186,2022-12-28 07:53:09
381,ndunlapak,782,338568,2022-12-19 20:31:21
382,zkemmeral,202,373127,2023-01-29 09:47:26
383,dpowtonam,669,157692,2022-12-22 10:27:06
384,aagronan,663,620759,2023-01-12 20:59:32
385,bracherao,891,843995,2022-12-26 09:34:29
386,inialsap,703,519079,2023-01-26 03:44:14
387,mluxenaq,20,963493,2023-01-04 10:51:40
388,lhaightonar,835,83234,2023-01-30 04:27:00
389,dfilanas,779,884406,2022-12-21 21:47:13
390,xstetlyeat,469,700491,2022-12-14 09:16:08
391,aquiggau,517,376413,2023-01-12 11:24:03
392,esheringhamav,813,371820,2022-12-17 08:54:10
393,acurringtonaw,335,693015,2023-01-08 04:13:21
394,lhutchingesax,873,576336,2022-12-05 15:27:02
395,xgreenigay,525,395884,2023-01-02 19:22:53
396,gfretsonaz,117,683817,2022-12-19 01:57:04
397,nhamsherb0,298,56811,2023-01-06 11:54:56
398,gmorandob1,90,212014,2023-01-21 03:25:57
399,slamonbyb2,564,106739,2022-12-16 06:25:22
400,kaxonb3,904,616603,2022-12-04 17:07:43
401,cgiordanob4,378,49298,2022-12-06 11:55:38
402,pheadingtonb5,115,935711,2023-01-08 21:08:41
403,jdunyb6,8,172113,2023-01-28 06:34:02
404,ofrithb7,882,573622,2023-01-13 05:43:47
405,fblakeb8,805,638360,2022-12-29 19:04:02
406,mhehnkeb9,695,234895,2023-01-16 23:25:39
407,svasiljevicba,921,50995,2022-12-04 17:15:51
408,apattonbb,810,353265,2022-12-22 05:16:10
409,cphinbc,693,270805,2022-12-07 04:04:18
410,dswetenhambd,370,239201,2022-12-29 18:54:20
411,bshivlinbe,179,961010,2022-12-16 01:17:10
412,mhierrobf,370,171167,2022-12-04 17:27:16
413,wdorianbg,810,744201,2022-12-06 22:13:46
414,hanglessbh,928,584031,2022-12-18 20:54:09
415,dkhadirbi,983,627411,2023-01-13 10:51:58
416,wgelderbj,602,168404,2022-12-08 12:10:45
417,jisakovitchbk,610,290890,2023-01-21 10:46:25
418,kphilippsonbl,971,203781,2023-01-04 21:52:02
419,mblakewaybm,783,393671,2023-01-15 18:11:10
420,semlynbn,821,51480,2023-01-29 22:10:18
421,hknappebo,88,369221,2023-01-19 16:37:23
422,cwhissellbp,706,339935,2023-01-08 05:36:11
423,ebellfieldbq,124,969166,2023-01-30 17:02:24
424,acarradicebr,39,589234,2022-12-22 06:47:03
425,bbrandenburgbs,773,706305,2022-12-05 18:27:28
426,tbarwisbt,717,201021,2022-12-09 19:33:32
427,tjosuweitbu,105,777936,2023-01-03 17:15:39
428,ebrymhambv,729,296369,2023-01-18 05:55:38
429,alodybw,588,207375,2023-01-20 20:36:20
430,kdrustbx,335,593734,2022-12-11 18:03:48
431,vvolkersby,473,38642,2022-12-15 09:10:05
432,brawsthornebz,796,970891,2022-12-08 13:59:35
433,gwoodsonc0,388,203775,2023-01-23 21:47:42
434,hsidwellc1,673,477763,2022-12-10 21:11:39
435,bbrosinic2,126,220878,2023-01-06 16:24:37
436,alabdenc3,964,674989,2023-01-09 20:59:01
437,tdormonc4,234,311909,2022-12-12 08:41:45
438,jelvidgec5,63,8572,2022-12-01 13:03:26
439,rcockadayc6,595,198014,2023-01-19 11:55:44
440,cschankec7,421,139915,2022-12-31 07:34:01
441,yshoulerc8,761,950935,2023-01-18 11:36:07
442,pphilpottc9,986,859291,2022-12-17 23:16:49
443,pborkettca,991,116534,2022-12-21 00:44:34
444,dduckerscb,241,770131,2023-01-16 01:13:06
445,kassitercc,415,399891,2023-01-15 23:45:36
446,lperotcd,958,488296,2023-01-26 12:47:22
447,knunsonce,161,796455,2022-12-23 20:25:21
448,mwhitelawcf,479,718627,2023-01-01 02:22:27
449,gainscowcg,871,269085,2023-01-18 09:02:20
450,ckingslych,512,841607,2023-01-03 06:26:13
451,esonnerci,540,355700,2023-01-19 09:27:04
452,jfritzercj,782,635839,2023-01-28 03:31:07
453,akinsonck,299,406687,2023-01-06 19:11:53
454,mdarlingtoncl,533,950419,2023-01-06 02:30:24
455,wkleeborncm,189,586381,2022-12-03 00:53:08
456,epechancn,677,72742,2023-01-24 06:11:57
457,lhensmansco,343,815973,2022-12-18 08:50:48
458,atisoncp,367,822784,2023-01-30 16:28:26
459,cheartfieldcq,132,48730,2022-12-20 02:02:41
460,pmichielicr,904,343818,2023-01-07 05:48:22
461,rhakkingcs,638,997019,2023-01-11 16:18:24
462,shaillct,897,963827,2022-12-04 06:42:11
463,jdougarycu,776,563614,2022-12-03 09:34:05
464,jcofaxcv,966,329742,2023-01-07 18:53:24
465,foverillcw,510,578694,2023-01-31 16:59:41
466,tmiguetcx,464,751586,2022-12-21 01:56:18
467,dborgesiocy,531,801481,2023-01-17 07:29:30
468,cbroschekcz,695,802497,2023-01-05 23:48:50
469,rnotond0,586,79445,2023-01-25 06:37:39
470,jmowsleyd1,714,236232,2022-12-03 07:31:00
471,jmcgillicuddyd2,469,125819,2022-12-27 08:02:37
472,jkeirld3,23,349866,2023-01-15 02:09:47
473,jfrancklynd4,182,245594,2023-01-11 04:31:30
474,jshoosmithd5,188,120090,2023-01-20 19:57:12
475,dsweedlandd6,39,329528,2023-01-06 23:12:32
476,ajaeggid7,78,297932,2023-01-28 16:14:34
477,jmixerd8,107,593481,2022-12-24 09:41:43
478,pioriod9,701,61513,2022-12-08 13:59:44
479,ddawberyda,605,496757,2022-12-04 06:33:59
480,tconnardb,311,391777,2023-01-28 12:29:46
481,ikirvelldc,204,59806,2023-01-06 04:43:24
482,egirkedd,924,857306,2022-12-17 20:25:26
483,nwormaldde,5,571459,2022-12-29 16:10:09
484,nkoseldf,337,298544,2023-01-04 14:49:38
485,eblackaderdg,753,340432,2023-01-20 06:02:35
486,ccoleshilldh,159,596309,2022-12-04 10:50:07
487,sdelacotedi,755,904938,2022-12-13 13:57:29
488,aferrarottidj,199,933954,2022-12-25 20:42:45
489,whammondk,565,716247,2023-01-16 19:48:56
490,ngeridl,835,569412,2022-12-24 19:25:21
491,aparletdm,625,864902,2022-12-30 09:59:01
492,krozanskidn,725,198725,2022-12-05 18:44:44
493,cradbornedo,571,940738,2023-01-20 15:53:47
494,lsalthousedp,965,530245,2023-01-29 17:53:38
495,tlaideldq,882,208612,2022-12-20 08:52:26
496,wkerforddr,766,849480,2023-01-19 08:47:26
497,pstarsmoreds,149,530812,2022-12-17 03:18:07
498,mblagbroughdt,799,129799,2022-12-09 06:40:35
499,dblanndu,592,115821,2023-01-11 20:15:08
500,fbenthalldv,928,960863,2023-01-22 21:14:18
501,rskeletondw,243,78506,2022-12-26 21:14:40
502,rfilippodx,8,505662,2022-12-28 08:14:46
503,tpindelldy,654,743109,2022-12-07 11:04:46
504,rberninidz,911,669499,2023-01-07 07:17:49
505,ncoveneye0,919,878501,2023-01-11 22:23:28
506,ccayettee1,295,729905,2023-01-13 16:49:24
507,msnarre2,302,472544,2022-12-01 11:07:02
508,fiiannonee3,998,651701,2023-01-16 19:58:39
509,shouldeye4,415,256761,2022-12-08 18:14:22
510,nswabeye5,547,33999,2022-12-21 17:29:01
511,ffarrente6,401,946519,2022-12-03 03:12:28
512,jshellcrosse7,606,72504,2023-01-26 19:39:47
513,qfitzmauricee8,267,586581,2022-12-30 21:06:44
514,ebeerte9,260,275561,2022-12-26 17:10:09
515,mpossellea,19,537939,2022-12-04 08:32:15
516,tvelldeneb,312,229506,2022-12-23 11:02:26
517,rbrogginiec,27,684295,2023-01-28 01:55:52
518,ewayletted,82,421242,2022-12-15 12:08:21
519,dkeiltyee,962,450547,2023-01-27 05:30:34
520,fbrewettef,984,731448,2023-01-19 01:17:17
521,mrannereg,776,167930,2023-01-16 11:36:48
522,adightoneh,169,642262,2022-12-28 03:49:01
523,telgramei,222,395175,2022-12-05 00:46:20
524,nrothamej,499,776861,2023-01-27 16:57:45
525,tdeeganek,949,31326,2022-12-27 08:37:41
526,cashdownel,183,838662,2022-12-17 10:17:17
527,callisonem,741,483322,2022-12-11 00:13:25
528,mgionettittien,141,253770,2023-01-25 21:33:40
529,sjoysoneo,377,341635,2022-12-14 01:48:56
530,yhatterep,83,139277,2022-12-07 05:31:50
531,hdellaeq,471,163133,2022-12-06 21:46:44
532,kfaicher,227,918805,2022-12-07 14:42:29
533,tdeblasiises,578,286250,2023-01-22 03:58:22
534,cmatchittet,961,44568,2023-01-04 18:50:37
535,closebieeu,16,852032,2023-01-28 08:22:53
536,hbendaev,809,197064,2023-01-22 14:32:39
537,lspellingew,432,835545,2022-12-12 00:22:13
538,atrengoveex,309,901228,2022-12-25 12:15:11
539,jedgsoney,254,383249,2023-01-05 12:31:03
540,jrahlez,683,368352,2022-12-24 00:22:57
541,tgemlbettf0,404,514791,2022-12-07 12:06:15
542,jhanleyf1,500,933191,2022-12-22 22:34:16
543,vtrewinf2,328,983292,2022-12-09 20:43:24
544,emeanwellf3,236,103864,2022-12-20 14:35:47
545,ecotterf4,645,519653,2022-12-22 17:50:59
546,gkreberf5,549,670436,2023-01-21 06:25:15
547,nburlessf6,118,995358,2022-12-31 09:11:48
548,bgreensidesf7,218,315267,2023-01-01 06:10:41
549,dlacroutsf8,590,741441,2022-12-22 00:29:14
550,ashellsheeref9,278,146851,2022-12-04 02:28:36
551,nshrievesfa,841,974910,2023-01-07 07:39:36
552,mblaszczykfb,499,278607,2023-01-15 15:24:09
553,rclowneyfc,171,988779,2022-12-25 01:39:09
554,cmarshallsayfd,113,278652,2023-01-19 23:12:56
555,ckalinskyfe,851,630211,2023-01-06 17:38:40
556,amingusff,770,160018,2022-12-16 02:55:16
557,nhabbinfg,979,835091,2022-12-21 16:47:18
558,cleytonfh,720,463132,2023-01-22 06:36:38
559,afilipczakfi,537,905542,2023-01-27 13:09:58
560,ntroddenfj,298,217110,2022-12-13 11:11:59
561,eozannefk,686,81188,2022-12-09 14:03:34
562,lfranzschoningerfl,346,295656,2023-01-10 09:50:53
563,ashaplinfm,354,519466,2022-12-19 00:33:15
564,pmcwhinniefn,895,439082,2022-12-22 04:15:16
565,lbotlerfo,596,486562,2023-01-06 23:42:38
566,sbellhousefp,387,77528,2023-01-09 20:52:15
567,ldealtryfq,541,191842,2023-01-14 15:53:54
568,briccardifr,258,236457,2023-01-05 09:04:36
569,rhedonfs,584,61807,2022-12-24 07:39:29
570,medmondsonft,714,742499,2022-12-21 09:02:53
571,astrettlefu,104,643634,2023-01-15 04:02:56
572,ibleasefv,413,358392,2022-12-21 10:39:44
573,nfakeleyfw,223,634789,2022-12-07 02:43:22
574,mstigellfx,622,780063,2022-12-07 09:14:45
575,wmclellanfy,507,545328,2022-12-09 10:28:28
576,dkirbyfz,838,967423,2022-12-01 04:40:15
577,dfoggog0,998,570017,2023-01-13 22:27:40
578,fminshawg1,266,707071,2023-01-25 22:49:39
579,lgowlandg2,274,800979,2023-01-29 21:58:12
580,gsandercockg3,43,997473,2022-12-03 21:00:36
581,bspalding4,101,972355,2022-12-09 02:08:35
582,ttocherg5,29,287889,2023-01-08 15:16:25
583,ltowlerg6,17,587717,2022-12-26 14:44:24
584,fgallowayg7,151,341260,2022-12-07 17:16:42
585,aburrelg8,671,339674,2023-01-31 14:00:59
586,mkurthg9,816,237646,2023-01-05 13:46:58
587,adumingosga,21,920400,2023-01-28 04:21:46
588,kstedallgb,333,596623,2023-01-27 17:39:44
589,rdarlinggc,699,309382,2023-01-10 09:56:19
590,crodeargd,657,150218,2022-12-02 17:02:20
591,toddage,580,95256,2023-01-13 08:46:27
592,wtregaskisgf,451,320781,2022-12-20 07:30:49
593,csabbingg,84,715840,2023-01-09 05:14:27
594,obartloszgh,968,382823,2023-01-20 03:23:38
595,scantrellgi,449,169124,2023-01-20 01:13:16
596,kpookgj,121,384613,2022-12-29 01:44:36
597,owillwoodgk,795,249759,2023-01-20 06:38:34
598,kizengl,685,210919,2023-01-27 10:19:13
599,kwinfreygm,248,998718,2023-01-10 10:38:38
600,ybelchemgn,37,709115,2022-12-12 13:05:28
601,khuddgo,592,363914,2023-01-27 11:29:55
602,rpollastrogp,509,188351,2022-12-15 02:27:35
603,bguerragq,973,890806,2023-01-03 20:56:24
604,mlewinggr,510,190309,2023-01-17 19:15:37
605,gfilipovgs,189,951777,2023-01-25 16:41:05
606,wkeydengt,739,584853,2023-01-01 19:56:03
607,aegdalgu,563,349405,2023-01-07 14:16:46
608,rcohngv,396,118838,2023-01-31 02:30:14
609,dcabraragw,337,308553,2023-01-17 15:49:42
610,bdulintygx,960,906448,2022-12-24 22:31:57
611,sduigedgy,462,356167,2023-01-23 01:12:31
612,mbendongz,372,538416,2022-12-31 14:57:55
613,mseysh0,546,488222,2022-12-21 06:00:15
614,mfarreh1,169,784179,2023-01-26 16:18:36
615,aikringillh2,198,192527,2023-01-01 00:29:20
616,rchurchyardh3,842,154708,2023-01-25 09:03:34
617,hfourmanh4,236,916069,2022-12-11 22:17:42
618,tpepineauxh5,117,120856,2022-12-04 16:00:20
619,atwitteyh6,278,687110,2023-01-11 09:34:44
620,csparshutth7,861,541637,2022-12-25 07:13:24
621,sgummeh8,635,234228,2022-12-05 00:56:43
622,abrennenh9,30,307312,2023-01-10 14:58:52
623,scleeverha,608,231524,2022-12-07 07:05:08
624,lsailhb,386,405214,2022-12-19 08:07:58
625,foscanlonhc,343,260557,2023-01-20 16:50:07
626,sforsonhd,718,460959,2022-12-11 18:31:45
627,abettleyhe,537,450812,2022-12-20 13:19:34
628,smedewayhf,293,16250,2022-12-01 17:19:04
629,tmcgarrellhg,666,687696,2022-12-23 02:51:23
630,aruddlesdenhh,395,115881,2023-01-30 08:25:20
631,kmackelworthhi,65,228275,2023-01-06 07:01:51
632,byewdalehj,660,96585,2023-01-01 19:25:55
633,fmoldhk,336,903612,2022-12-21 20:22:15
634,ebluschkehl,375,124674,2023-01-07 18:50:38
635,mhuertashm,193,772877,2022-12-03 11:05:39
636,sdunbabinhn,496,942092,2023-01-09 04:12:44
637,rerskinesandysho,743,975375,2023-01-28 19:21:25
638,dhoodspethhp,478,774857,2022-12-29 19:37:32
639,llockierhq,986,986502,2022-12-29 17:57:00
640,afairhallhr,711,814801,2023-01-22 09:32:39
641,tdaenenhs,920,887569,2023-01-30 11:56:35
642,lclaussenht,370,703088,2022-12-26 21:12:15
643,sdickenshu,457,710113,2022-12-31 07:40:38
644,hfahrenbachhv,225,54180,2022-12-15 04:10:36
645,hmackerleyhw,833,255254,2022-12-27 08:00:29
646,baronoffhx,856,52759,2023-01-25 22:58:57
647,khelstriphy,442,792911,2022-12-22 14:51:04
648,frooperhz,189,7709,2023-01-17 07:49:58
649,jwaterhousi0,679,83785,2022-12-14 16:08:40
650,cgerretsi1,62,344592,2023-01-13 14:02:56
651,efortesquieui2,230,901248,2022-12-02 03:22:10
652,kfranciottii3,962,433446,2023-01-12 03:01:44
653,ssewardi4,227,534015,2022-12-30 02:51:27
654,hsinki5,759,434418,2023-01-26 16:47:19
655,biashvilii6,202,652873,2023-01-17 04:20:33
656,dpiersi7,877,127903,2023-01-12 19:58:39
657,kholywelli8,940,262599,2023-01-21 23:32:16
658,bjaniki9,794,475655,2023-01-15 01:51:53
659,mpimerickia,844,326721,2022-12-28 18:17:37
660,ehaxellib,420,270874,2023-01-17 02:16:46
661,mpeaseic,580,904520,2022-12-26 19:53:27
662,bmellenbyid,820,754087,2022-12-24 04:08:28
663,raldrickie,773,285420,2022-12-11 16:03:44
664,hfraschiniif,479,843503,2022-12-25 12:48:00
665,hburrig,222,435595,2023-01-27 18:55:56
666,asousaih,863,560165,2023-01-22 15:40:19
667,cmonksfieldii,368,136616,2023-01-31 15:34:59
668,hshillittoij,997,16184,2022-12-23 00:40:56
669,ccislandik,653,77535,2022-12-27 18:50:36
670,lpogsonil,680,278193,2023-01-03 06:15:07
671,alemonbyim,347,496929,2023-01-26 17:55:34
672,gbreznovicin,11,946697,2022-12-30 03:08:50
673,xmalamio,894,846136,2023-01-07 02:49:41
674,glinceyip,63,871507,2023-01-26 18:13:07
675,lrockinghamiq,111,835704,2023-01-08 13:26:43
676,cquartlyir,112,434348,2023-01-14 15:11:08
677,kbythellis,167,782045,2022-12-10 07:19:19
678,scantiit,142,696519,2022-12-26 09:51:59
679,jkrinksiu,656,278878,2023-01-28 13:52:04
680,cmarjanskiiv,662,447157,2022-12-13 15:29:10
681,agerishiw,562,835661,2022-12-17 11:51:43
682,ddebankeix,744,170591,2023-01-04 22:17:07
683,mmapledorumiy,740,709460,2023-01-13 12:34:40
684,dsteedeniz,752,813607,2022-12-07 03:29:38
685,lchaddj0,682,636536,2023-01-28 21:22:12
686,atreadgallj1,569,177863,2023-01-05 22:26:02
687,dbrixeyj2,266,713469,2023-01-26 02:23:30
688,rchessellj3,273,707417,2022-12-24 23:08:29
689,abraggerj4,466,112266,2022-12-31 06:57:32
690,gtrimmingj5,372,261814,2022-12-12 16:17:19
691,avossj6,129,832689,2023-01-10 03:36:52
692,kwalbrookj7,464,702844,2022-12-08 23:38:38
693,ehellwichj8,814,733765,2022-12-04 01:54:43
694,sjaegarj9,895,850644,2022-12-29 18:31:07
695,jduroja,726,815700,2022-12-06 15:55:51
696,ccuddonjb,420,362122,2023-01-07 22:30:29
697,fcoltartjc,966,395538,2022-12-14 17:43:14
698,bdecarolisjd,378,583072,2022-12-10 15:22:04
699,gsouthardje,997,99697,2022-12-23 08:29:24
700,jquinnellyjf,429,933551,2022-12-01 07:49:25
701,lspaingowerjg,517,235977,2022-12-08 08:02:42
702,kgravestonjh,4,164805,2023-01-30 17:04:30
703,gbrewersji,1000,44186,2023-01-18 11:13:01
704,jmerceyjj,820,946398,2022-12-15 18:32:36
705,lmckunejk,873,918919,2022-12-14 13:32:02
706,jwhittleseajl,735,525063,2023-01-08 17:22:50
707,pellesmerejm,181,637452,2022-12-29 11:57:42
708,palthorpejn,329,874576,2022-12-20 17:07:01
709,gbengtsonjo,359,620121,2022-12-21 14:34:44
710,jsaltmarshjp,846,277872,2022-12-01 17:05:03
711,lklishinjq,420,27920,2022-12-16 13:14:25
712,ddelicatejr,265,473775,2023-01-20 07:22:22
713,mwitseyjs,337,387353,2023-01-02 04:08:39
714,fkilianjt,6,824943,2022-12-23 05:30:41
715,acrittalju,415,970229,2022-12-23 13:27:39
716,esillsjv,651,164143,2022-12-03 15:49:43
717,otripeanjw,463,918102,2022-12-27 12:56:41
718,thayejx,141,502563,2023-01-04 17:26:44
719,sbrugmanjy,934,583323,2022-12-05 11:22:22
720,bdederickjz,73,198788,2022-12-29 22:27:38
721,krollk0,203,245268,2023-01-18 09:56:53
722,ostreightk1,820,481336,2023-01-13 01:11:33
723,kspellwardk2,549,149062,2023-01-20 18:46:24
724,tbasnettk3,341,81535,2022-12-22 00:00:24
725,kwandtkek4,69,176577,2022-12-07 19:26:55
726,tcordelettek5,581,387789,2023-01-07 10:59:08
727,gscimonik6,385,602887,2023-01-20 21:59:11
728,jwratesk7,522,3265,2022-12-17 12:56:59
729,mgreathamk8,160,280913,2023-01-02 09:33:45
730,sislipk9,140,220809,2022-12-16 18:13:56
731,iskipka,689,558210,2022-12-21 13:11:38
732,apyffekb,698,241582,2023-01-10 01:18:43
733,ebowyerkc,485,370134,2022-12-01 10:34:53
734,sjacmarkd,574,222761,2023-01-20 16:31:51
735,gbellwardke,57,502839,2022-12-10 23:29:24
736,fmoynhamkf,396,952999,2023-01-22 00:03:00
737,scuffekg,812,718076,2023-01-18 15:53:26
738,sglasnerkh,849,402562,2022-12-18 21:22:01
739,ahallerki,307,608041,2022-12-09 04:57:04
740,lgolbornekj,527,582652,2023-01-31 10:37:00
741,sidlekk,540,390959,2022-12-29 11:00:17
742,jravenscroftkl,966,296180,2022-12-22 05:43:53
743,bguryskm,284,81839,2023-01-04 09:09:45
744,msegoekn,342,321146,2022-12-24 15:30:48
745,fstaddomko,327,791668,2022-12-12 14:03:52
746,molenchenkokp,382,577605,2022-12-20 13:10:37
747,dpeakq,43,392630,2023-01-23 00:44:48
748,mgookeykr,970,408946,2022-12-16 02:28:58
749,kgeorgiusks,439,416947,2022-12-24 21:24:31
750,dduguidkt,693,625926,2023-01-18 00:45:24
751,ltommasiku,288,739110,2022-12-13 22:32:10
752,vguynemerkv,930,659390,2022-12-23 00:26:04
753,vcarnihankw,221,253287,2023-01-20 23:53:41
754,lleschellekx,783,588232,2023-01-17 10:32:20
755,salsopky,290,286093,2023-01-15 20:24:45
756,jwoolfallkz,212,791128,2023-01-27 20:01:04
757,rwatshaml0,783,60184,2022-12-29 02:18:47
758,mbransdenl1,911,894045,2023-01-17 15:48:52
759,cskyppel2,569,723270,2022-12-21 22:18:15
760,alissandrel3,467,381257,2023-01-01 12:47:50
761,bmaunselll4,917,712208,2023-01-14 19:10:51
762,vpollittl5,853,85604,2022-12-30 09:05:00
763,ndimsdalel6,869,448106,2023-01-10 11:52:26
764,mhintzerl7,574,304499,2022-12-08 07:05:00
765,mpearsl8,489,942411,2023-01-02 10:26:36
766,amighelel9,41,873670,2022-12-25 15:27:03
767,hnurdinla,358,196206,2023-01-03 02:38:36
768,dkampshelllb,17,37934,2022-12-23 04:28:05
769,wkingettlc,300,374200,2023-01-09 20:19:02
770,nmacknockiterld,641,901705,2022-12-31 23:26:43
771,dtrehernele,22,874545,2023-01-09 03:14:26
772,rgrevesonlf,637,676301,2023-01-30 03:39:19
773,bkitchersidelg,328,913690,2023-01-22 05:41:27
774,mdunleylh,203,882154,2022-12-14 17:55:00
775,ckolodziejli,161,393266,2022-12-18 08:52:03
776,lgrinikhinlj,292,762745,2022-12-05 05:34:11
777,slindenboimlk,964,327468,2023-01-05 03:00:53
778,dcaustonll,181,217862,2022-12-07 05:48:05
779,asimanlm,977,66208,2023-01-13 19:45:51
780,spillln,173,847188,2022-12-26 12:58:17
781,anealylo,415,571746,2023-01-03 07:32:49
782,tsailslp,128,495915,2022-12-08 20:54:14
783,jgosticklq,458,272758,2023-01-20 08:02:41
784,fmartinotlr,194,907643,2022-12-20 15:45:09
785,jronanls,779,840754,2022-12-06 16:11:16
786,rbeloelt,390,24827,2022-12-14 06:08:47
787,mcomellinilu,684,777268,2023-01-20 00:59:02
788,kdockwraylv,496,744596,2023-01-29 08:07:02
789,dmcewanlw,704,251936,2023-01-18 05:48:45
790,iranklinlx,297,303594,2022-12-04 18:48:11
791,okinninly,848,250583,2023-01-03 13:51:24
792,csoleslz,978,407144,2023-01-15 08:08:00
793,tphillippom0,340,892637,2022-12-05 14:35:15
794,zmcgreym1,895,409889,2023-01-27 21:24:41
795,cgravenellm2,83,980405,2022-12-18 23:06:49
796,atremmelm3,618,971363,2022-12-15 21:10:06
797,lgolledgem4,736,323478,2022-12-20 08:00:08
798,sdunsm5,562,636084,2022-12-30 03:02:56
799,llyngstedm6,255,796653,2023-01-30 13:26:01
800,tdrayem7,784,374777,2022-12-15 01:30:18
801,gtadlowm8,757,82637,2022-12-04 04:24:24
802,ikemmishm9,878,238268,2022-12-14 04:41:46
803,smcgintyma,729,326065,2022-12-07 00:29:29
804,agallifontmb,314,664838,2023-01-31 02:18:04
805,rassardmc,370,401543,2022-12-24 21:04:49
806,dgibbettsmd,345,326448,2023-01-06 23:29:47
807,xbruntjeme,583,295342,2022-12-28 16:49:57
808,amarcqmf,923,700882,2023-01-15 17:49:45
809,zdurrellmg,241,94233,2022-12-27 02:24:08
810,ccoplandmh,337,91533,2022-12-30 03:56:23
811,mdallimaremi,252,456536,2022-12-06 20:09:25
812,ibellsonmj,854,577965,2023-01-27 12:07:26
813,lromaninmk,644,404910,2023-01-10 00:46:22
814,aolehaneml,331,612735,2023-01-23 18:45:42
815,agensavagemm,729,950244,2023-01-23 22:16:42
816,tbrunottimn,511,170702,2023-01-24 13:58:15
817,kfreebornmo,101,739916,2022-12-06 07:03:05
818,clabonemp,913,336325,2022-12-02 06:20:17
819,idunguymq,971,81378,2023-01-30 11:31:44
820,nbrichammr,743,304093,2022-12-24 18:44:09
821,gendlems,351,753202,2022-12-14 02:14:26
822,tmckertonmt,692,979645,2022-12-28 02:06:43
823,kgilfordmu,331,848079,2023-01-16 20:31:12
824,gfaveryearmv,416,711417,2022-12-05 06:52:59
825,ilinseymw,800,236366,2022-12-14 06:16:10
826,dskelchermx,118,155047,2022-12-29 16:19:23
827,cticklemy,633,374680,2023-01-25 20:41:46
828,gschouthedemz,425,821351,2023-01-22 05:25:37
829,mpietronn0,264,236625,2023-01-07 12:58:33
830,kmannevillen1,952,585668,2022-12-20 22:09:26
831,esheachn2,232,923997,2022-12-24 03:35:47
832,cmiddlemistn3,872,420263,2022-12-03 00:14:22
833,dmcdaden4,212,61175,2022-12-08 19:43:33
834,lguiun5,598,156529,2022-12-20 12:34:37
835,ystrawn6,463,689981,2022-12-17 08:04:35
836,jcantrilln7,445,266798,2022-12-26 03:02:38
837,cbraidenn8,610,737414,2022-12-05 18:28:18
838,jsalamonn9,188,892552,2022-12-01 00:16:01
839,mcoulbeckna,639,900362,2023-01-04 09:27:16
840,ccuberleynb,660,51923,2022-12-16 19:31:00
841,cblabeync,106,855509,2022-12-28 07:43:33
842,nmccoolnd,478,245488,2022-12-14 22:29:24
843,awayonne,410,218759,2022-12-01 10:17:48
844,egealynf,85,288868,2023-01-23 03:04:12
845,brickettsng,510,426300,2023-01-17 19:24:49
846,aelvishnh,537,243612,2023-01-16 12:10:46
847,smccollumni,215,174741,2022-12-02 21:25:41
848,etomowicznj,125,302859,2022-12-30 07:14:51
849,tbenfieldnk,969,8469,2022-12-02 11:39:42
850,ohumblestonenl,232,610594,2022-12-26 00:02:38
851,cstrassenm,126,306822,2023-01-08 11:18:43
852,livushkinnn,546,312612,2023-01-23 07:16:15
853,thurtno,780,232764,2022-12-05 20:34:56
854,toliverasnp,881,798599,2023-01-08 11:55:13
855,elayenq,510,306284,2023-01-01 03:21:13
856,dduforenr,314,159180,2022-12-19 14:37:52
857,amillicanns,515,114929,2022-12-29 04:31:08
858,cmoorerudnt,792,611588,2023-01-25 17:32:09
859,chealesnu,607,384370,2022-12-04 12:11:54
860,cogglebienv,428,559314,2022-12-22 00:58:44
861,knoakesnw,971,168637,2023-01-12 06:41:05
862,pboxhallnx,791,139264,2022-12-25 21:37:43
863,apechacekny,351,601104,2022-12-23 08:33:47
864,ymullordnz,15,172752,2022-12-29 20:45:58
865,rmurtimero0,665,193701,2023-01-29 14:59:33
866,edesvigneso1,986,138146,2023-01-19 00:45:57
867,mabrashkovo2,658,321069,2023-01-06 01:11:58
868,adykao3,138,880370,2022-12-29 16:49:46
869,ccotteyo4,954,798781,2023-01-07 16:42:47
870,dricketto5,246,529394,2022-12-11 03:03:05
871,cvasileo6,213,985058,2023-01-24 17:29:42
872,cforresto7,232,409500,2022-12-06 06:05:35
873,ewodhamo8,549,98849,2023-01-10 18:09:05
874,cmahadyo9,540,418613,2023-01-19 11:11:50
875,egrimsteadoa,159,807837,2022-12-25 04:47:53
876,cburnageob,247,959623,2022-12-12 11:17:32
877,ksneppoc,954,351922,2022-12-23 13:21:20
878,fjerremsod,650,44689,2023-01-15 14:03:56
879,mstoveoe,907,414090,2022-12-01 00:14:48
880,rsnoddinof,895,493835,2022-12-09 21:52:56
881,psiebog,390,685468,2022-12-14 15:17:19
882,kbulfitoh,541,67811,2023-01-27 09:09:42
883,fdownieoi,709,227931,2022-12-29 22:23:52
884,gmcsheeoj,71,598334,2023-01-15 10:13:10
885,epridgeonok,493,929242,2022-12-12 07:02:00
886,xheadingtonol,331,162631,2023-01-26 22:39:05
887,ybuddockom,938,632845,2023-01-20 17:02:53
888,wrediton,1,459010,2022-12-20 14:37:50
889,saupoloo,664,700271,2022-12-27 13:45:15
890,ahargessop,938,192343,2023-01-26 15:16:15
891,mfilippellooq,67,254160,2023-01-21 04:52:55
892,yessexor,896,845598,2022-12-27 04:07:24
893,lfrenscheos,492,838495,2022-12-28 20:56:31
894,lheissot,364,773454,2023-01-22 23:01:31
895,tcolleteou,397,956150,2022-12-15 23:18:16
896,ewillowbyov,936,758493,2023-01-20 19:47:01
897,dmouthow,175,280726,2023-01-03 20:07:02
898,wgiorgiuttiox,852,987070,2022-12-16 16:51:50
899,cgobeauoy,361,313343,2022-12-07 01:49:45
900,ghayteroz,959,558047,2023-01-18 07:24:48
901,syureninp0,142,826165,2023-01-02 19:34:30
902,cmoscop1,235,145546,2022-12-09 14:58:35
903,fdraaismap2,999,213856,2022-12-18 17:37:48
904,fchristiensenp3,595,696439,2023-01-28 21:14:16
905,apullingerp4,274,693981,2022-12-29 23:42:56
906,llidbetterp5,402,595552,2023-01-05 01:49:08
907,agibbingsp6,537,258961,2023-01-09 06:41:05
908,rtickp7,944,248060,2023-01-28 05:40:03
909,wlambotinp8,318,317617,2022-12-17 11:42:37
910,obrounckerp9,309,241236,2022-12-19 08:33:25
911,cdeleekpa,856,71233,2022-12-24 14:10:52
912,bmoraleepb,746,817522,2022-12-16 00:45:02
913,kdobbspc,448,610084,2023-01-09 00:39:18
914,dpalffreypd,732,69157,2022-12-23 00:16:04
915,bgallymorepe,643,492630,2023-01-04 05:13:56
916,rsvaninipf,747,674606,2023-01-17 23:35:15
917,arichelpg,28,359406,2023-01-16 02:35:07
918,acecelyph,94,904993,2023-01-13 14:12:25
919,tosgodbypi,855,800661,2023-01-31 04:12:46
920,dcarmepj,801,687779,2023-01-06 22:06:04
921,gastlettpk,999,514384,2023-01-23 08:47:44
922,joddapl,147,747349,2022-12-04 12:33:03
923,rcoringtonpm,486,914554,2023-01-22 15:36:39
924,csalatinopn,426,113125,2023-01-27 00:10:02
925,cphippinpo,172,525310,2022-12-16 13:25:07
926,amecchipp,588,952108,2022-12-03 09:17:32
927,dorrompq,526,200689,2022-12-14 15:53:33
928,dcurriepr,299,987285,2022-12-01 09:00:16
929,jkitchingmanps,665,596067,2022-12-25 10:25:52
930,rcromept,741,429436,2022-12-15 05:32:38
931,csuterpu,478,107663,2022-12-13 21:32:30
932,gglanisterpv,485,595124,2023-01-23 19:05:19
933,htamblynpw,219,537070,2022-12-31 18:26:53
934,grouncepx,391,451894,2023-01-27 11:13:30
935,fiohananofpy,485,173033,2023-01-11 11:55:53
936,ystilldalepz,903,445009,2022-12-26 21:48:05
937,cpelferq0,214,751805,2023-01-16 06:01:18
938,lsarrellq1,767,605616,2022-12-18 21:25:16
939,mbaudq2,912,788117,2022-12-12 10:09:00
940,bleggottq3,173,129795,2023-01-15 08:30:46
941,dbrighteyq4,340,282873,2022-12-02 07:24:48
942,ssterleyq5,423,526692,2022-12-02 12:11:08
943,eredingtonq6,693,478926,2022-12-03 03:17:52
944,erossettiq7,238,99600,2023-01-16 22:31:31
945,asmithiesq8,251,163564,2023-01-03 09:45:38
946,gaikmanq9,931,608827,2022-12-20 05:55:35
947,ekleinzweigqa,282,523953,2022-12-27 04:38:41
948,mmonikerqb,300,31709,2023-01-26 23:00:45
949,cazamqc,954,433175,2023-01-05 15:37:12
950,sbusfieldqd,141,119906,2022-12-15 13:00:36
951,atinnqe,979,960948,2023-01-29 12:50:07
952,sgrattonqf,670,889372,2023-01-24 00:04:04
953,jwainqg,493,684518,2022-12-19 01:36:01
954,hstichallqh,427,503745,2023-01-27 10:47:06
955,lkearleqi,416,114717,2023-01-29 02:10:21
956,bcheesemanqj,138,22545,2022-12-18 06:22:17
957,mternouthqk,835,149765,2023-01-11 22:36:45
958,ncamberql,27,150283,2022-12-07 00:09:33
959,dcanapeqm,834,851972,2023-01-16 23:56:50
960,lsergeanqn,250,909577,2023-01-18 04:42:36
961,lhellyarqo,480,427480,2022-12-20 11:07:39
962,jcourtonneqp,829,470678,2022-12-26 09:49:26
963,adavidovitchqq,546,821284,2022-12-31 08:46:49
964,mheinerqr,845,91587,2023-01-01 10:19:15
965,jwigfallqs,630,451127,2023-01-15 11:37:39
966,lgillingqt,592,389190,2022-12-04 10:01:59
967,cmaccaghanqu,69,249004,2023-01-03 23:11:27
968,pfooksqv,629,856645,2023-01-26 08:38:58
969,dlethcoeqw,456,128978,2022-12-15 08:08:22
970,bsurcombeqx,49,673759,2022-12-01 03:09:48
971,dhrycekqy,753,12077,2023-01-18 18:30:53
972,cblowickqz,175,335112,2022-12-11 12:03:16
973,bajsikr0,260,316912,2022-12-24 12:01:54
974,fcasellir1,921,389929,2022-12-01 00:36:01
975,eknokr2,385,831507,2023-01-12 15:24:47
976,ihammanr3,824,961576,2022-12-16 05:08:05
977,kyoler4,583,508827,2023-01-30 03:29:24
978,rbraistedr5,809,596066,2023-01-29 17:22:03
979,achellr6,935,480733,2023-01-28 23:29:56
980,ashenfischr7,966,210489,2022-12-22 09:17:51
981,mtreverr8,111,112789,2022-12-15 10:59:52
982,tkeitchr9,665,652025,2023-01-12 09:49:16
983,berteltra,1000,360091,2022-12-04 17:11:40
984,lvannarrb,434,952211,2022-12-19 12:46:21
985,cdeguiserc,261,431490,2023-01-22 14:40:38
986,ehammerrd,950,146638,2023-01-03 22:23:37
987,lthoresbiere,376,503919,2023-01-03 13:48:53
988,cscogginsrf,947,658961,2022-12-26 20:00:52
989,eiacomirg,813,984346,2023-01-27 14:04:04
990,mrundallrh,246,511506,2022-12-04 08:45:30
991,reverlyri,499,955826,2022-12-24 08:18:38
992,lwemesrj,905,271464,2023-01-14 11:23:51
993,gmaycockrk,604,835830,2022-12-23 06:18:13
994,mjeaninrl,662,821978,2023-01-06 05:24:09
995,nphillpsrm,799,705596,2023-01-02 03:12:31
996,cmcgintyrn,925,354713,2023-01-28 07:40:43
997,ecadwalladerro,808,604914,2023-01-02 07:57:36
998,akeaysrp,690,278959,2022-12-05 19:56:15
999,bkeerq,576,567128,2022-12-08 19:40:30
1000,tbethamrr,851,460192,2022-12-20 03:24:07
